{
  "project_info": {
    "project_number": "930668912064",
    "firebase_url": "https://wallpapers-b8bfb.firebaseio.com",
    "project_id": "wallpapers-b8bfb",
    "storage_bucket": "wallpapers-b8bfb.appspot.com"
  },
  "client": [
    {
      "client_info": {
        "mobilesdk_app_id": "1:930668912064:android:31295b0029c102f0ac3c25",
        "android_client_info": {
          "package_name": "com.dubazon.dubazon"
        }
      },
      "oauth_client": [
        {
          "client_id": "930668912064-miqacqgokvuh1q9dikgtsvapk89uh9uc.apps.googleusercontent.com",
          "client_type": 3
        }
      ],
      "api_key": [
        {
          "current_key": "AIzaSyA0nVxkI8cFgbsXBT6WbPp4s2Rotei4LII"
        }
      ],
      "services": {
        "appinvite_service": {
          "other_platform_oauth_client": [
            {
              "client_id": "930668912064-miqacqgokvuh1q9dikgtsvapk89uh9uc.apps.googleusercontent.com",
              "client_type": 3
            }
          ]
        }
      }
    },
    {
      "client_info": {
        "mobilesdk_app_id": "1:930668912064:android:9e968b266af56f50ac3c25",
        "android_client_info": {
          "package_name": "com.example.wallpapers"
        }
      },
      "oauth_client": [
        {
          "client_id": "930668912064-miqacqgokvuh1q9dikgtsvapk89uh9uc.apps.googleusercontent.com",
          "client_type": 3
        }
      ],
      "api_key": [
        {
          "current_key": "AIzaSyA0nVxkI8cFgbsXBT6WbPp4s2Rotei4LII"
        }
      ],
      "services": {
        "appinvite_service": {
          "other_platform_oauth_client": [
            {
              "client_id": "930668912064-miqacqgokvuh1q9dikgtsvapk89uh9uc.apps.googleusercontent.com",
              "client_type": 3
            }
          ]
        }
      }
    }
  ],
  "configuration_version": "1"
}